{
  "date": "2026-01-10",
  "src_file": "examples\\instructions\\20260110.txt",
  "root_dir": "runs\\20260110_qc-oled",
  "out_dir": "runs\\20260110_qc-oled\\archive",
  "query_id": "20260110_qc-oled",
  "set_id": "qc-oled",
  "lang_pref": "en",
  "openalex_enabled": true,
  "openalex_max_results": 5,
  "youtube_enabled": false,
  "youtube_max_results": 5,
  "youtube_transcript": false,
  "youtube_order": "relevance",
  "days": 365,
  "max_results": 5,
  "download_pdf": true,
  "citations_enabled": true,
  "queries": [
    "quantum computing materials discovery OLED emitters industrial applications",
    "Samsung Display quantum computing materials research OLED",
    "LG Display quantum computing OLED materials discovery",
    "Universal Display Corporation quantum computing materials OLED",
    "site:samsung.com OLED quantum computing materials",
    "site:lgdisplay.com OLED quantum computing materials",
    "site:udc.com OLED quantum computing materials",
    "quantum algorithms for materials science discovery OLED phosphorescent TADF emitters",
    "quantum computing chemistry materials simulation industry deployment"
  ],
  "query_specs": [
    {
      "text": "quantum computing materials discovery OLED emitters industrial applications",
      "hints": [
        "news",
        "linkedin"
      ]
    },
    {
      "text": "Samsung Display quantum computing materials research OLED",
      "hints": []
    },
    {
      "text": "LG Display quantum computing OLED materials discovery",
      "hints": []
    },
    {
      "text": "Universal Display Corporation quantum computing materials OLED",
      "hints": []
    },
    {
      "text": "site:samsung.com OLED quantum computing materials",
      "hints": []
    },
    {
      "text": "site:lgdisplay.com OLED quantum computing materials",
      "hints": []
    },
    {
      "text": "site:udc.com OLED quantum computing materials",
      "hints": []
    },
    {
      "text": "quantum algorithms for materials science discovery OLED phosphorescent TADF emitters",
      "hints": []
    },
    {
      "text": "quantum computing chemistry materials simulation industry deployment",
      "hints": []
    }
  ],
  "local_paths": [],
  "urls": [],
  "arxiv_ids": [],
  "site_hints": [
    "news",
    "linkedin"
  ],
  "raw_lines": [
    "quantum computing materials discovery OLED emitters industrial applications",
    "news",
    "linkedin",
    "Samsung Display quantum computing materials research OLED",
    "LG Display quantum computing OLED materials discovery",
    "Universal Display Corporation quantum computing materials OLED",
    "site:samsung.com OLED quantum computing materials",
    "site:lgdisplay.com OLED quantum computing materials",
    "site:udc.com OLED quantum computing materials",
    "quantum algorithms for materials science discovery OLED phosphorescent TADF emitters",
    "quantum computing chemistry materials simulation industry deployment"
  ]
}